INSERT INTO `User_profile` (`id_user`, `nm_first`, `nm_middle`, `nm_last`) VALUES (0, '', 'Alize', 'Bednar');
INSERT INTO `User_profile` (`id_user`, `nm_first`, `nm_middle`, `nm_last`) VALUES (1, '', '', '');
INSERT INTO `User_profile` (`id_user`, `nm_first`, `nm_middle`, `nm_last`) VALUES (2, 'Corine', '', '');
INSERT INTO `User_profile` (`id_user`, `nm_first`, `nm_middle`, `nm_last`) VALUES (3, 'Mazie', '', 'Dickens');
INSERT INTO `User_profile` (`id_user`, `nm_first`, `nm_middle`, `nm_last`) VALUES (4, 'Alene', 'Alta', '');
INSERT INTO `User_profile` (`id_user`, `nm_first`, `nm_middle`, `nm_last`) VALUES (5, 'Randi', 'Quincy', '');
INSERT INTO `User_profile` (`id_user`, `nm_first`, `nm_middle`, `nm_last`) VALUES (6, 'Vena', '', '');
INSERT INTO `User_profile` (`id_user`, `nm_first`, `nm_middle`, `nm_last`) VALUES (7, 'Hosea', '', 'Yundt');
INSERT INTO `User_profile` (`id_user`, `nm_first`, `nm_middle`, `nm_last`) VALUES (8, 'Brycen', '', 'King');
INSERT INTO `User_profile` (`id_user`, `nm_first`, `nm_middle`, `nm_last`) VALUES (9, '', 'Lilly', 'O Hara');
INSERT INTO `User_profile` (`id_user`, `nm_first`, `nm_middle`, `nm_last`) VALUES (69, '', 'Breanna', 'Swift');
INSERT INTO `User_profile` (`id_user`, `nm_first`, `nm_middle`, `nm_last`) VALUES (510, 'Candice', '', '');
INSERT INTO `User_profile` (`id_user`, `nm_first`, `nm_middle`, `nm_last`) VALUES (2843, 'Tillman', 'Orpha', 'Lubowitz');
INSERT INTO `User_profile` (`id_user`, `nm_first`, `nm_middle`, `nm_last`) VALUES (4429, '', '', '');
INSERT INTO `User_profile` (`id_user`, `nm_first`, `nm_middle`, `nm_last`) VALUES (9255, 'Cassie', 'Pascale', 'Kiehn');
INSERT INTO `User_profile` (`id_user`, `nm_first`, `nm_middle`, `nm_last`) VALUES (32281, '', '', 'Effertz');
INSERT INTO `User_profile` (`id_user`, `nm_first`, `nm_middle`, `nm_last`) VALUES (46226, '', 'Henry', 'Effertz');
INSERT INTO `User_profile` (`id_user`, `nm_first`, `nm_middle`, `nm_last`) VALUES (72863, 'Edd', 'Turner', '');
INSERT INTO `User_profile` (`id_user`, `nm_first`, `nm_middle`, `nm_last`) VALUES (802706, '', '', 'Luettgen');
INSERT INTO `User_profile` (`id_user`, `nm_first`, `nm_middle`, `nm_last`) VALUES (830667, 'Maximillia', '', 'Frami');
INSERT INTO `User_profile` (`id_user`, `nm_first`, `nm_middle`, `nm_last`) VALUES (960382, 'Stephan', 'Bret', 'Tromp');
INSERT INTO `User_profile` (`id_user`, `nm_first`, `nm_middle`, `nm_last`) VALUES (2867309, '', '', 'Grady');
INSERT INTO `User_profile` (`id_user`, `nm_first`, `nm_middle`, `nm_last`) VALUES (2941276, '', 'Shanel', 'Rath');
INSERT INTO `User_profile` (`id_user`, `nm_first`, `nm_middle`, `nm_last`) VALUES (5325820, '', 'Marcellus', '');
INSERT INTO `User_profile` (`id_user`, `nm_first`, `nm_middle`, `nm_last`) VALUES (68620308, 'Arnold', 'Abel', 'McLaughlin');
INSERT INTO `User_profile` (`id_user`, `nm_first`, `nm_middle`, `nm_last`) VALUES (81264081, 'Walker', '', 'Hane');
INSERT INTO `User_profile` (`id_user`, `nm_first`, `nm_middle`, `nm_last`) VALUES (446546229, '', 'Alberta', 'Weimann');
INSERT INTO `User_profile` (`id_user`, `nm_first`, `nm_middle`, `nm_last`) VALUES (575191922, 'Rhiannon', 'Guy', '');
INSERT INTO `User_profile` (`id_user`, `nm_first`, `nm_middle`, `nm_last`) VALUES (907565623, 'Joelle', '', 'Shanahan');

INSERT INTO `User_address` (`id_address`, `id_user`) VALUES (0, 510);
INSERT INTO `User_address` (`id_address`, `id_user`) VALUES (5, 69);
INSERT INTO `User_address` (`id_address`, `id_user`) VALUES (29, 960382);
INSERT INTO `User_address` (`id_address`, `id_user`) VALUES (147, 4429);
INSERT INTO `User_address` (`id_address`, `id_user`) VALUES (707, 4429);
INSERT INTO `User_address` (`id_address`, `id_user`) VALUES (2255, 46226);
INSERT INTO `User_address` (`id_address`, `id_user`) VALUES (2801, 6);
INSERT INTO `User_address` (`id_address`, `id_user`) VALUES (9684, 32281);
INSERT INTO `User_address` (`id_address`, `id_user`) VALUES (25770, 907565623);
INSERT INTO `User_address` (`id_address`, `id_user`) VALUES (31997, 9255);
INSERT INTO `User_address` (`id_address`, `id_user`) VALUES (74105, 2);
INSERT INTO `User_address` (`id_address`, `id_user`) VALUES (695374, 4);
INSERT INTO `User_address` (`id_address`, `id_user`) VALUES (7347156, 830667);
INSERT INTO `User_address` (`id_address`, `id_user`) VALUES (63329771, 68620308);
INSERT INTO `User_address` (`id_address`, `id_user`) VALUES (107169145, 2843);
INSERT INTO `User_address` (`id_address`, `id_user`) VALUES (150798905, 7);
INSERT INTO `User_address` (`id_address`, `id_user`) VALUES (549149539, 2843);
INSERT INTO `User_address` (`id_address`, `id_user`) VALUES (662514054, 9);
INSERT INTO `User_address` (`id_address`, `id_user`) VALUES (793226514, 1);
INSERT INTO `User_address` (`id_address`, `id_user`) VALUES (944097766, 9255);


INSERT INTO `User_role` (`cd_role_type`, `id_entity`, `in_status`, `id_user`) VALUES (0, 0, 2, 7);
INSERT INTO `User_role` (`cd_role_type`, `id_entity`, `in_status`, `id_user`) VALUES (0, 3, 9, 6);
INSERT INTO `User_role` (`cd_role_type`, `id_entity`, `in_status`, `id_user`) VALUES (0, 5, 7, 32281);
INSERT INTO `User_role` (`cd_role_type`, `id_entity`, `in_status`, `id_user`) VALUES (0, 7, 1, 3);
INSERT INTO `User_role` (`cd_role_type`, `id_entity`, `in_status`, `id_user`) VALUES (0, 8, 9, 5325820);
INSERT INTO `User_role` (`cd_role_type`, `id_entity`, `in_status`, `id_user`) VALUES (0, 86, 1, 4);
INSERT INTO `User_role` (`cd_role_type`, `id_entity`, `in_status`, `id_user`) VALUES (0, 97, 6, 960382);
INSERT INTO `User_role` (`cd_role_type`, `id_entity`, `in_status`, `id_user`) VALUES (0, 528, 1, 575191922);
INSERT INTO `User_role` (`cd_role_type`, `id_entity`, `in_status`, `id_user`) VALUES (0, 719, 7, 1);
INSERT INTO `User_role` (`cd_role_type`, `id_entity`, `in_status`, `id_user`) VALUES (0, 4786, 4, 5);
INSERT INTO `User_role` (`cd_role_type`, `id_entity`, `in_status`, `id_user`) VALUES (0, 7286, 4, 9);
INSERT INTO `User_role` (`cd_role_type`, `id_entity`, `in_status`, `id_user`) VALUES (0, 8659, 6, 4);
INSERT INTO `User_role` (`cd_role_type`, `id_entity`, `in_status`, `id_user`) VALUES (0, 9193, 2, 830667);
INSERT INTO `User_role` (`cd_role_type`, `id_entity`, `in_status`, `id_user`) VALUES (0, 15060, 7, 68620308);
INSERT INTO `User_role` (`cd_role_type`, `id_entity`, `in_status`, `id_user`) VALUES (0, 77938, 5, 69);
INSERT INTO `User_role` (`cd_role_type`, `id_entity`, `in_status`, `id_user`) VALUES (0, 89929, 5, 6);
INSERT INTO `User_role` (`cd_role_type`, `id_entity`, `in_status`, `id_user`) VALUES (0, 1917161, 5, 5);
INSERT INTO `User_role` (`cd_role_type`, `id_entity`, `in_status`, `id_user`) VALUES (0, 312037583, 3, 6);
INSERT INTO `User_role` (`cd_role_type`, `id_entity`, `in_status`, `id_user`) VALUES (0, 606636870, 3, 81264081);
INSERT INTO `User_role` (`cd_role_type`, `id_entity`, `in_status`, `id_user`) VALUES (0, 615310271, 4, 4);